date,report_title
03-Aug-23,Monetary Policy Report - August 2023
11-May-23,Monetary Policy Report - May 2023
02-Feb-23,Monetary Policy Report - February 2023
03-Nov-22,Monetary Policy Report - November 2022
04-Aug-22,Monetary Policy Report - August 2022
05-May-22,Monetary Policy Report - May 2022
03-Feb-22,Monetary Policy Report - February 2022
04-Nov-21,Monetary Policy Report - November 2021
05-Aug-21,Monetary Policy Report - August 2021
06-May-21,Monetary Policy Report - May 2021
04-Feb-21,Monetary Policy Report - February 2021
05-Nov-20,Monetary Policy Report - November 2020
06-Aug-20,Monetary Policy Report - August 2020
07-May-20,Monetary Policy Report - May 2020
30-Jan-20,Monetary Policy Report - January 2020
07-Nov-19,Monetary Policy Report - November 2019
